{"cameraMode":{"drawMode":0,"name":"Shaded","section":"Shading Mode"},"sceneLighting":true,"audioPlay":false,"sceneViewState":{"showFog":true,"showMaterialUpdate":false,"showSkybox":true,"showFlares":true,"showImageEffects":true,"showParticleSystems":true},"in2DMode":false,"pivot":{"x":3.739386558532715,"y":2.817030429840088,"z":-3.1827516555786135},"rotation":{"x":-0.01078648678958416,"y":0.987867534160614,"z":-0.08050068467855454,"w":-0.13236704468727113},"size":10.0,"orthographic":false}