{"cameraMode":{"drawMode":0,"name":"Shaded","section":"Shading Mode"},"sceneLighting":true,"audioPlay":false,"sceneViewState":{"showFog":true,"showMaterialUpdate":false,"showSkybox":true,"showFlares":true,"showImageEffects":true,"showParticleSystems":true},"in2DMode":false,"pivot":{"x":104.66755676269531,"y":-44.92518615722656,"z":107.44400024414063},"rotation":{"x":0.006480487994849682,"y":-0.7785806059837341,"z":0.6274596452713013,"w":0.008043385110795498},"size":8.263678550720215,"orthographic":false}